"univers";"sousunivers";"famille";"portalid"
"Carrelage, parquet et sol souple";"Carrelage sol et mur";"Carrelage intérieur sol et mur";"1401401182"
"Carrelage, parquet et sol souple";"Carrelage sol et mur";"Carrelage mural et faïence";"1401401145"
"Carrelage, parquet et sol souple";"Carrelage sol et mur";"Carrelages muraux et faïences";"1308217800"
"Carrelage, parquet et sol souple";"Moquette, jonc de mer et sisal";"Moquette de sol en rouleau";"1308217073"
"Carrelage, parquet et sol souple";"Carrelage sol et mur";"Carrelage extérieur";"1401401163"
"Carrelage, parquet et sol souple";"Moquette, jonc de mer et sisal";"Moquette imitation gazon";"1308222854"
"Carrelage, parquet et sol souple";"Moquette, jonc de mer et sisal";"Outillage moquette et sol PVC";"1308217183"
"Carrelage, parquet et sol souple";"Moquette, jonc de mer et sisal";"Produits d'entretien moquette et sol PVC";"1308217195"
"Carrelage, parquet et sol souple";"Moquette, jonc de mer et sisal";"Sous-couche et produits de préparation moquette et sol PVC";"1308217201"
"Carrelage, parquet et sol souple";"Parquet, stratifié et plancher";"Barre de seuil pour parquet et stratifié";"1308217224"
"Carrelage, parquet et sol souple";"Parquet, stratifié et plancher";"Colle pour parquet";"1308217229"
"Carrelage, parquet et sol souple";"Parquet, stratifié et plancher";"Echantillon de parquet";"1308222195"
"Carrelage, parquet et sol souple";"Parquet, stratifié et plancher";"Sol stratifié";"1308217090"
"Carrelage, parquet et sol souple";"Carrelage sol et mur";"Décor, listel et accessoires carrelage mural";"1308217717"
"Carrelage, parquet et sol souple";"Parquet, stratifié et plancher";"Sous-couche parquet et stratifié";"1308217242"
"Carrelage, parquet et sol souple";"Plaquette de parement et brique de verre";"Produits d'entretien pour plaquette de parement";"1308222827"
"Carrelage, parquet et sol souple";"Tapis et paillasson";"Paillasson et tapis de cuisine";"1308217304"
"Carrelage, parquet et sol souple";"Tapis et paillasson";"Tapis de couloir et escaliers ";"1308217298"
"Carrelage, parquet et sol souple";"Tapis et paillasson";"Tapis de décoration";"1308217291"
"Chauffage et plomberie";"Chauffe-eau et ballon d'eau chaude";"Accessoires pour chauffe-eau électrique";"1308217783"
"Chauffage et plomberie";"Chauffe-eau et ballon d'eau chaude";"Ballon d'eau chaude gaz";"1308222413"
"Chauffage et plomberie";"Chauffe-eau et ballon d'eau chaude";"Chauffe-eau gaz";"1308217795"
"Chauffage et plomberie";"Circuit d'alimentation en eau";"Etanchéité (Téflon et filasse)";"1308217449"
"Chauffage et plomberie";"Circuit d'alimentation en eau";"Sortie de cloison et platine de fixation";"1308222977"
"Chauffage et plomberie";"Equipement WC et accessoires robinet";"Robinet d'arrêt WC";"1308217699"
"Chauffage et plomberie";"Evacuation des eaux usées";"Trappe de visite";"1308217558"
"Chauffage et plomberie";"Livre chauffage et plomberie";"Livre chauffage et plomberie";"1308222152"
"Chauffage et plomberie";"Poêle à bois, poêle à granulés et cheminée";"Accessoires décoratifs de la cheminée";"1308217352"
"Chauffage et plomberie";"Poêle à bois, poêle à granulés et cheminée";"Accessoires du poêle et de la cheminée";"1400602341"
"Chauffage et plomberie";"Poêle à bois, poêle à granulés et cheminée";"Allumage du foyer";"1308217360"
"Chauffage et plomberie";"Poêle à bois, poêle à granulés et cheminée";"Serviteur";"1500688081"
"Chauffage et plomberie";"Poêle à bois, poêle à granulés et cheminée";"Soufflet";"1500690516"
"Chauffage et plomberie";"Production d'énergie et de chauffage renouvelable";"Appareil de mesure d'énergie";"1401419490"
"Chauffage et plomberie";"Production d'énergie et de chauffage renouvelable";"Ballon tampon";"1308217632"
"Chauffage et plomberie";"Production d'énergie et de chauffage renouvelable";"Bouilleur";"1308217730"
"Chauffage et plomberie";"Production d'énergie et de chauffage renouvelable";"Toiture solaire (photovoltaïque)";"1308217764"
"Chauffage et plomberie";"Raccordement au gaz";"Accessoires raccordement gaz";"1401283350"
"Chauffage et plomberie";"Raccordement au gaz";"Raccord gaz";"1401283347"
"Chauffage et plomberie";"Raccordement au gaz";"Robinet gaz";"1401283348"
"Chauffage et plomberie";"Radiateur, sèche-serviettes, chaudière, régulation et climatiseur";"Accessoires de chaudière";"1308217049"
"Chauffage et plomberie";"Radiateur soufflant, chauffage d’appoint, radiateur bain d’huile et poêle à pétrole";"Réglette infrarouge et halogène";"1401147147"
"Chauffage et plomberie";"Radiateur soufflant, chauffage d’appoint, radiateur bain d’huile et poêle à pétrole";"Ventilateur et brasseur d'air";"1308217347"
"Chauffage et plomberie";"Traitement de l'eau et adoucisseur";"Station et filtre pour eau de pluie";"1308217898"
"Chauffage et plomberie";"VMC, aérateur et déshumidificateur";"Conduit et accessoires d'aération";"1308217804"
"Chauffage et plomberie";"VMC, aérateur et déshumidificateur";"Saturateur pour radiateur";"1400213765"
"Cuisine";"Electroménager, four, hotte, réfrigérateur et plaque de cuisson";"Cave à vin électrique";"1308217996"
"Cuisine";"Electroménager, four, hotte, réfrigérateur et plaque de cuisson";"Réfrigérateur";"1308218021"
"Cuisine";"Livre cuisine";"Livre : idées de cuisine";"1308222140"
"Cuisine";"Meuble de cuisine";"Aménagement intérieur de meuble";"1400309382"
"Cuisine";"Meuble de cuisine";"Cuisine Ingenious";"1308222887"
"Cuisine";"Meuble de cuisine";"Cuisine personnalisable Delinia";"1401014932"
"Cuisine";"Meuble de cuisine";"Meuble sous-évier et kitchenette";"1308218071"
"Cuisine";"Meuble de cuisine";"Quincaillerie du meuble de cuisine";"1400941796"
"Cuisine";"Plan de travail et crédence";"Accessoires pour plan de travail de cuisine";"1308218083"
"Cuisine";"Poubelle, tabouret et accessoires de cuisine";"Accessoires de rangement de cuisine";"1401283432"
"Cuisine";"Poubelle, tabouret et accessoires de cuisine";"Poubelle de cuisine";"1308218100"
"Cuisine";"Poubelle, tabouret et accessoires de cuisine";"Range-couverts et tapis fond de tiroir";"1308218096"
"Cuisine";"Poubelle, tabouret et accessoires de cuisine";"Tabouret de cuisine";"1308218105"
"Décoration et éclairage";"Ampoule et LED";"Ampoule connectée et intelligente";"1500733940"
"Décoration et éclairage";"Ampoule et LED";"Ampoule filament décorative";"1500620997"
"Décoration et éclairage";"Coussin, plaid et pouf";"Plaid";"1308218670"
"Décoration et éclairage";"Dalle, rosace et moulure de plafond";"Dalle de plafond";"1308218674"
"Décoration et éclairage";"Rideau, voilage et vitrage";"Voilage";"1308223193"
"Décoration et éclairage";"Stickers, cadre, affiche et miroir";"Accessoires métier de l'encadreur";"1308218853"
"Décoration et éclairage";"Store, panneau japonais et store californien";"Accessoires de store";"1308218783"
"Décoration et éclairage";"Store, panneau japonais et store californien";"Panneaux japonais";"1308223389"
"Décoration et éclairage";"Tringle à rideaux, barre, rail et câble";"Rail et accessoires";"1308218807"
"Destockage";"Destockage 2013";"Destockage août";"1234"
"Electricité et domotique";"Alarme maison, caméra de surveillance et détecteur de fumée";"Caméra de surveillance";"1308218814"
"Electricité et domotique";"Interrupteur et prise";"Interrupteur et prise en saillie";"1401268174"
"Electricité et domotique";"Interrupteur et prise";"Interrupteur et prise étanche";"1308218885"
"Electricité et domotique";"Interrupteur et prise";"Interrupteur et prise prêt à poser";"1500081983"
"Electricité et domotique";"Interrupteur et prise";"Prise programmable et programmateur";"1308218889"
"Electricité et domotique";"Livre électricité et domotique";"Livre électricité et domotique";"1308222136"
"Electricité et domotique";"Tableau électrique";"Fusible";"1308218918"
"Electricité et domotique";"Tableau électrique";"Gaine Technique de Logement (GTL)";"1308218920"
"Electricité et domotique";"Tableau électrique";"Module de commande, de signalisation et de protection";"1308218922"
"Matériaux et menuiserie";"Cloison et plafond";"Accessoires de cloisonnement";"1308217926"
"Matériaux et menuiserie";"Cloison et plafond";"Cloison bois alvéolaire";"1308217945"
"Matériaux et menuiserie";"Cloison et plafond";"Plaque de plâtre";"1308217983"
"Matériaux et menuiserie";"Echelle, échafaudage, brouette et lève-plaque";"Echafaudage";"1308218278"
"Matériaux et menuiserie";"Echelle, échafaudage, brouette et lève-plaque";"Echelle";"1400274518"
"Matériaux et menuiserie";"Etanchéité des murs et sols";"Anti-mousse";"1308217987"
"Matériaux et menuiserie";"Etanchéité des murs et sols";"Etanchéité des fondations, mur enterré et dalle";"1308217991"
"Matériaux et menuiserie";"Etanchéité des murs et sols";"Etanchéité des murs et façades";"1308218014"
"Matériaux et menuiserie";"Evacuation et traitement des eaux";"Gouttière et descente";"1308218115"
"Matériaux et menuiserie";"Evacuation et traitement des eaux";"Raccord de gouttière et descente";"1308222488"
"Matériaux et menuiserie";"Evacuation et traitement des eaux";"Tube et réseau d'évacuation";"1308222484"
"Matériaux et menuiserie";"Fenêtre, porte d'entrée, porte de garage et store banne";"Film pour vitrage";"1308218375"
"Matériaux et menuiserie";"Gros oeuvre";"Brique, parpaing et bloc de construction";"1308218129"
"Matériaux et menuiserie";"Gros oeuvre";"Corniche, bandeau et chapiteau";"1400686091"
"Matériaux et menuiserie";"Gros oeuvre";"Enduit de façade";"1308218132"
"Matériaux et menuiserie";"Gros oeuvre";"Seuil de porte et appui de fenêtre";"1308218156"
"Matériaux et menuiserie";"Isolation";"Isolation de porte et fenêtre";"1308222271"
"Matériaux et menuiserie";"Isolation";"Isolation des murs et cloisons (thermique, phonique, ...)";"1308218223"
"Matériaux et menuiserie";"Isolation";"Isolation des sols";"1308218229"
"Matériaux et menuiserie";"Lambris PVC, lambris bois, parquet et plancher";"Panneau décoratif";"1308222448"
"Matériaux et menuiserie";"Lambris PVC, lambris bois, parquet et plancher";"Planchers bois";"1308217082"
"Matériaux et menuiserie";"Livre matériaux et menuiserie";"Livre matériaux et menuiserie";"1308222141"
"Matériaux et menuiserie";"Panneau bois, tablette, tasseau, moulure et plinthe";"Cache-radiateur";""
"Matériaux et menuiserie";"Panneau bois, tablette, tasseau, moulure et plinthe";"Palette et produit bois brut";"1500691827"
"Matériaux et menuiserie";"Porte coulissante, porte intérieure, escalier et balustrade";"Echelle de meunier et escalier escamotable";"1308218467"
"Matériaux et menuiserie";"Toiture, charpente et bardage";"Couverture secondaire pour annexe de maison";"1308218572"
"Matériaux et menuiserie";"Toiture, charpente et bardage";"Tuile et ardoise";"1308218574"
"Outillage";"Livre outillage";"Livre outillage";"1308222381"
"Outillage";"Location de matériel";"Consommables";"1401124578"
"Outillage";"Location de matériel";"Location de matériel Carrelage, parquet et moquette";"1308223365"
"Outillage";"Location de matériel";"Location de matériel Peinture et papier peint";"1308223363"
"Outillage";"Machine d'atelier";"Tour à bois";"1308218987"
"Outillage";"Machine d'atelier";"Tronçonneuse à métaux";"1308218994"
"Outillage";"Matériel et aménagement de l'atelier";"Aménagement d'atelier";"1308218999"
"Outillage";"Matériel et aménagement de l'atelier";"Chauffage de chantier";"1500456260"
"Outillage";"Matériel et aménagement de l'atelier";"Treuil et palan";"1308219035"
"Outillage";"Outillage à main";"Abrasif et papier de verre";"1308219059"
"Outillage";"Outillage à main";"Serre-joint";"1308219133"
"Outillage";"Outillage à main";"Tournevis (cruciforme, aimanté, de précision, ...)";"1308219137"
"Outillage";"Outillage électroportatif";"Perceuse sans fil et visseuse";"1308219207"
"Outillage";"Outillage spécialisé";"Outillage du vitrier";"1308219309"
"Outillage";"Protection du bricoleur";"Equipement antichute et accessoire de protection";"1308218908"
"Outillage";"Protection du bricoleur";"Gants";"1308218910"
"Outillage";"Protection du bricoleur";"Protection auditive et tête";"1308218912"
"Outillage";"Protection du bricoleur";"Protection des yeux (masque, lunettes, ...)";"1308218926"
"Peinture et droguerie";"Livre peinture et droguerie";"Livre peinture et droguerie";"1308222130"
"Peinture et droguerie";"Peinture intérieure";"Bombe de peinture intérieure, aérosol";"1308218593"
"Peinture et droguerie";"Peinture intérieure";"Colorant";"1308218584"
"Peinture et droguerie";"Peinture intérieure";"Nuancier de peinture";"1308218587"
"Peinture et droguerie";"Rouleau, pinceau et bâche de protection";"Bac peinture, grille et seau ";"1308221757"
"Peinture et droguerie";"Rouleau, pinceau et bâche de protection";"Pinceau";"1308218578"
"Peinture et droguerie";"Sous-couche et enduit";"Enduit";"1308218640"
"Peinture et droguerie";"Sous-couche et enduit";"Sous-couche";"1308218641"
x"Quincaillerie et sécurité";"Quincaillerie du meuble";"Patin, feutre et embout";"1308218370"
"Quincaillerie et sécurité";"Quincaillerie du meuble";"Rail de porte coulissante et accessoires";"1308218374"
"Quincaillerie et sécurité";"Sécurité, serrure et coffre-fort";"Armoire fusil et armoire forte";"1308218462"
"Quincaillerie et sécurité";"Sécurité, serrure et coffre-fort";"Mini coffre et mallette de sécurité";"1308223609"
"Quincaillerie et sécurité";"Sécurité, serrure et coffre-fort";"Sécurité des personnes";"1308218474"
"Quincaillerie et sécurité";"Sécurité, serrure et coffre-fort";"Sécurité garage et parking";"1308222543"
"Rangement et dressing";"Accessoires de rangement";"Barre de penderie et support";"1400106109"
"Rangement et dressing";"Accessoires de rangement";"Cintre et housse";"1400105192"
"Rangement et dressing";"Livre rangement et dressing";"Livre : rangement astucieux";"1308222123"
"Rangement et dressing";"Livre rangement et dressing";"Livre : rangement combles";"1308222124"
"Rangement et dressing";"Livre rangement et dressing";"Livre rangement et dressing";"1308222122"
"Rangement et dressing";"Porte de placard et de séparation";"Cloison amovible, joue, imposte et nez de cloison";"1400111116"
"Rangement et dressing";"Porte de placard et de séparation";"Porte de placard standard";"1308217953"
"Rangement et dressing";"Porte de placard et de séparation";"Porte de placard sur mesure";"1308222715"
"Rangement et dressing";"Porte de placard et de séparation";"Rails et accessoires pour porte de placard";"1308217950"
"Salle de bains";"Accessoires et miroirs de salle de bains";"Coffre et panier à linge";"1308217442"
"Salle de bains";"Accessoires et miroirs de salle de bains";"Tapis antidérapant de salle de bains";"1308217400"
"Salle de bains";"Baignoire";"Baignoire";"1308217527"
"Salle de bains";"Baignoire";"Baignoire à porte, baignoire-douche";"1308223378"
"Salle de bains";"Baignoire";"Baignoire îlot";"1308223377"
"Salle de bains";"Baignoire";"Pare-baignoire";"1308217588"
"Salle de bains";"Baignoire balnéo, spa et sauna";"Baignoire balnéo";"1308217591"
"Salle de bains";"Douche";"Panneau et tablier prêt à carreler pour salle de bains";"1308217910"
"Salle de bains";"Douche";"Paroi de douche à l'italienne";"1308222858"
"Salle de bains";"Douche";"Porte de douche";"1308217917"
"Salle de bains";"Douche";"Receveur de douche";"1308217920"
"Salle de bains";"Douche";"Remplacer sa baignoire par une douche";"1401180507"
"Salle de bains";"Livre salle de bains";"Livre salle de bains";"1308222098"
"Salle de bains";"Robinet de salle de bains";"Robinet de douche";"1308217993"
"Salle de bains";"Robinet de salle de bains";"Robinet de lavabo et vasque";"1308217997"
"Salle de bains";"Robinet de salle de bains";"Robinet de lave-mains";"1308218003"
"Salle de bains";"Wc, abattant et lave-mains";"Accessoires WC";"1308218059"
"Salle de bains";"Wc, abattant et lave-mains";"Bidet";"1308223386"
"Salle de bains";"Wc, abattant et lave-mains";"WC chimique";"1308218136"
"Salle de bains";"Wc, abattant et lave-mains";"WC japonais";"1308222596"
"Salle de bains";"Wc, abattant et lave-mains";"WC suspendu";"1308218138"
"Services";"Cartes cadeaux";"Cartes cadeaux";""
"Terrasse et jardin";"Abri, garage, rangement et étendoir";"Abri de jardin";"1308217057"
"Terrasse et jardin";"Abri, garage, rangement et étendoir";"Poulailler, niche, clapier";"1308222762"
"Terrasse et jardin";"Arrosage, pompe et récupérateur d'eau de pluie";"Arrosage enterré";"1308217079"
"Terrasse et jardin";"Arrosage, pompe et récupérateur d'eau de pluie";"Brumisateur de terrasse";"1308221556"
"Terrasse et jardin";"Arrosage, pompe et récupérateur d'eau de pluie";"Lance, pistolet d'arrosage et brosse de lavage";"1308217095"
"Terrasse et jardin";"Fontaine, bassin et poterie";"Banc, statue et élément décoratif";"1308217709"
"Terrasse et jardin";"Gazon, terreau, serre et entretien du jardin";"Anti nuisibles";"1308217244"
"Terrasse et jardin";"Gazon, terreau, serre et entretien du jardin";"Traitement contre les insectes et les maladies";"1308217297"
"Terrasse et jardin";"Grillage, canisse, panneau, clôture et palissade";"Accessoires d'occultation";"1400853991"
"Terrasse et jardin";"Grillage, canisse, panneau, clôture et palissade";"Brise-vue, canisse, brande et brise vent";"1308217594"
"Terrasse et jardin";"Grillage, canisse, panneau, clôture et palissade";"Claustra";"1401471300"
"Terrasse et jardin";"Nettoyeur haute pression, détergent et accessoire";"Accessoires pour nettoyeur haute pression";"1500712301"
"Terrasse et jardin";"Nettoyeur haute pression, détergent et accessoire";"Détergent et sable pour nettoyeur haute pression";"1500712304"
"Terrasse et jardin";"Outils de jardinage";"Brouette";"1308217332"
"Terrasse et jardin";"Outils de jardinage";"Thermomètre, pluviomètre et station météo";"1308217353"
"Terrasse et jardin";"Piscine et spa";"Accessoires pour piscine";"1308217553"
"Terrasse et jardin";"Piscine et spa";"Piscine";"1308217531"
"Terrasse et jardin";"Portail, portillon et clôture de façade (bois, fer, PVC)";"Portillon (bois, alu, fer)";"1308217639"
"Terrasse et jardin";"Salon de jardin, table et chaise";"Chauffage de terrasse";"1308217766"
"Terrasse et jardin";"Terrasse et sol extérieur";"Bordure de jardin";"1308217869"
"Terrasse et jardin";"Terrasse et sol extérieur";"Gazon synthétique";"1308217887"
"Terrasse et jardin";"Terrasse et sol extérieur";"Margelle et abord de piscine";"1308217890"
"Terrasse et jardin";"Terrasse et sol extérieur";"Sable, gravier, galet décoratif";"1308217891"
"Terrasse et jardin";"Tondeuse, tronçonneuse, taille-haie...";"Scarificateur";"1308217484"
"Terrasse et jardin";"Tondeuse, tronçonneuse, taille-haie...";"Taille-haie";"1308217486"
"Terrasse et jardin";"Tondeuse, tronçonneuse, taille-haie...";"Vêtements et équipement de protection";"1308217494"